tile_id,center_longitude,center_latitude,area_m2,area_lost_m2,pre_flood_land_image,post_flood_land_image
tile_001_035,86.9088664043723,26.575065144110663,435.93058886517656,435.93058886517656,flood-seg/submissions/Sazz-Sharma/cutouts/tile_001_035_pre.png,flood-seg/submissions/Sazz-Sharma/cutouts/tile_001_035_post.png
tile_001_036,86.9093098166518,26.57506542712914,1949.879507353607,1881.323477273188,flood-seg/submissions/Sazz-Sharma/cutouts/tile_001_036_pre.png,flood-seg/submissions/Sazz-Sharma/cutouts/tile_001_036_post.png
tile_001_037,86.90975322893782,26.57506570876723,1941.0075942737883,1193.8162276124544,flood-seg/submissions/Sazz-Sharma/cutouts/tile_001_037_pre.png,flood-seg/submissions/Sazz-Sharma/cutouts/tile_001_037_post.png
tile_001_038,86.91019664123036,26.57506598902494,1227.4480490254919,1227.4480490254919,flood-seg/submissions/Sazz-Sharma/cutouts/tile_001_038_pre.png,flood-seg/submissions/Sazz-Sharma/cutouts/tile_001_038_post.png
tile_001_039,86.91064005352938,26.57506626790226,547.2748645894083,547.2748645894083,flood-seg/submissions/Sazz-Sharma/cutouts/tile_001_039_pre.png,flood-seg/submissions/Sazz-Sharma/cutouts/tile_001_039_post.png
tile_001_040,86.91108346583482,26.575066545399185,143.98681653394428,143.98681653394428,flood-seg/submissions/Sazz-Sharma/cutouts/tile_001_040_pre.png,flood-seg/submissions/Sazz-Sharma/cutouts/tile_001_040_post.png
tile_002_035,86.9088667198918,26.574666441020245,1265.1913355023485,984.1352284577098,flood-seg/submissions/Sazz-Sharma/cutouts/tile_002_035_pre.png,flood-seg/submissions/Sazz-Sharma/cutouts/tile_002_035_post.png
tile_002_036,86.90931013063614,26.57466672403382,1949.879507353607,269.6012790061385,flood-seg/submissions/Sazz-Sharma/cutouts/tile_002_036_pre.png,flood-seg/submissions/Sazz-Sharma/cutouts/tile_002_036_post.png
tile_002_038,86.91019695214437,26.574667285919883,1949.879507353607,538.6409739103894,flood-seg/submissions/Sazz-Sharma/cutouts/tile_002_038_pre.png,flood-seg/submissions/Sazz-Sharma/cutouts/tile_002_038_post.png
tile_002_039,86.91064036290823,26.574667564792374,1949.879507353607,1341.510986858861,flood-seg/submissions/Sazz-Sharma/cutouts/tile_002_039_pre.png,flood-seg/submissions/Sazz-Sharma/cutouts/tile_002_039_post.png
tile_002_040,86.91108377367853,26.574667842284505,1897.886489178857,978.3576065882911,flood-seg/submissions/Sazz-Sharma/cutouts/tile_002_040_pre.png,flood-seg/submissions/Sazz-Sharma/cutouts/tile_002_040_post.png
tile_002_041,86.91152718445524,26.57466811839626,1147.214044905823,1057.8626671055101,flood-seg/submissions/Sazz-Sharma/cutouts/tile_002_041_pre.png,flood-seg/submissions/Sazz-Sharma/cutouts/tile_002_041_post.png
tile_003_042,86.91197090000536,26.57426968998112,1814.5860870988815,906.112229295472,flood-seg/submissions/Sazz-Sharma/cutouts/tile_003_042_pre.png,flood-seg/submissions/Sazz-Sharma/cutouts/tile_003_042_post.png
tile_003_043,86.91241430925966,26.574269963327428,872.9192616839094,872.4841269824469,flood-seg/submissions/Sazz-Sharma/cutouts/tile_003_043_pre.png,flood-seg/submissions/Sazz-Sharma/cutouts/tile_003_043_post.png
tile_004_043,86.91241461248524,26.57387126015381,1949.879507353607,372.7040291026701,flood-seg/submissions/Sazz-Sharma/cutouts/tile_004_043_pre.png,flood-seg/submissions/Sazz-Sharma/cutouts/tile_004_043_post.png
tile_004_044,86.91285802021078,26.57387153211507,1927.3306039778195,1795.0106041830877,flood-seg/submissions/Sazz-Sharma/cutouts/tile_004_044_pre.png,flood-seg/submissions/Sazz-Sharma/cutouts/tile_004_044_post.png
tile_004_045,86.91330142794259,26.573871802696008,1747.1532252222376,1747.1532252222376,flood-seg/submissions/Sazz-Sharma/cutouts/tile_004_045_pre.png,flood-seg/submissions/Sazz-Sharma/cutouts/tile_004_045_post.png
tile_004_046,86.91374483568066,26.573872071896634,306.4612792300261,306.4612792300261,flood-seg/submissions/Sazz-Sharma/cutouts/tile_004_046_pre.png,flood-seg/submissions/Sazz-Sharma/cutouts/tile_004_046_post.png
tile_005_045,86.91330172809171,26.57347309949068,1949.879507353607,1123.6498272266228,flood-seg/submissions/Sazz-Sharma/cutouts/tile_005_045_pre.png,flood-seg/submissions/Sazz-Sharma/cutouts/tile_005_045_post.png
tile_005_046,86.91374513429473,26.573473368686646,1758.565283610594,1758.565283610594,flood-seg/submissions/Sazz-Sharma/cutouts/tile_005_046_pre.png,flood-seg/submissions/Sazz-Sharma/cutouts/tile_005_046_post.png
tile_005_047,86.91418854050396,26.57347363650232,1016.8651681177162,1016.8651681177162,flood-seg/submissions/Sazz-Sharma/cutouts/tile_005_047_pre.png,flood-seg/submissions/Sazz-Sharma/cutouts/tile_005_047_post.png
tile_006_046,86.91374543290256,26.573074665454325,1949.879507353607,285.33679115902606,flood-seg/submissions/Sazz-Sharma/cutouts/tile_006_046_pre.png,flood-seg/submissions/Sazz-Sharma/cutouts/tile_006_046_post.png
tile_006_047,86.91418883757676,26.573074933265357,1728.9426520110312,1468.4922185856492,flood-seg/submissions/Sazz-Sharma/cutouts/tile_006_047_pre.png,flood-seg/submissions/Sazz-Sharma/cutouts/tile_006_047_post.png
tile_006_048,86.91463224225714,26.573075199696127,388.7203333065014,388.7203333065014,flood-seg/submissions/Sazz-Sharma/cutouts/tile_006_048_pre.png,flood-seg/submissions/Sazz-Sharma/cutouts/tile_006_048_post.png
tile_007_048,86.91463253778875,26.57267649643223,1901.3824431906069,790.0632920554278,flood-seg/submissions/Sazz-Sharma/cutouts/tile_007_048_pre.png,flood-seg/submissions/Sazz-Sharma/cutouts/tile_007_048_post.png
tile_007_049,86.91507594094028,26.572676761478142,793.5369314671029,763.6725583667278,flood-seg/submissions/Sazz-Sharma/cutouts/tile_007_049_pre.png,flood-seg/submissions/Sazz-Sharma/cutouts/tile_007_049_post.png
tile_007_050,86.91551934409796,26.572677025143808,166.9987478612881,166.9987478612881,flood-seg/submissions/Sazz-Sharma/cutouts/tile_007_050_pre.png,flood-seg/submissions/Sazz-Sharma/cutouts/tile_007_050_post.png
tile_007_052,86.91640615043154,26.572677548334408,151.42315700893806,151.42315700893806,flood-seg/submissions/Sazz-Sharma/cutouts/tile_007_052_pre.png,flood-seg/submissions/Sazz-Sharma/cutouts/tile_007_052_post.png
tile_008_049,86.91507623493078,26.572278058187326,1949.879507353607,122.2858679610067,flood-seg/submissions/Sazz-Sharma/cutouts/tile_008_049_pre.png,flood-seg/submissions/Sazz-Sharma/cutouts/tile_008_049_post.png
tile_008_050,86.91551963655347,26.57227832184843,1859.462607399713,1557.8696300860495,flood-seg/submissions/Sazz-Sharma/cutouts/tile_008_050_pre.png,flood-seg/submissions/Sazz-Sharma/cutouts/tile_008_050_post.png
tile_008_051,86.91596303818226,26.572278584129307,1137.6559578736978,1137.6559578736978,flood-seg/submissions/Sazz-Sharma/cutouts/tile_008_051_pre.png,flood-seg/submissions/Sazz-Sharma/cutouts/tile_008_051_post.png
tile_008_052,86.91640643981711,26.572278845029967,1823.5639945290566,1823.5639945290566,flood-seg/submissions/Sazz-Sharma/cutouts/tile_008_052_pre.png,flood-seg/submissions/Sazz-Sharma/cutouts/tile_008_052_post.png
tile_009_051,86.91596332909674,26.571879880807064,1949.879507353607,831.4252628444468,flood-seg/submissions/Sazz-Sharma/cutouts/tile_009_051_pre.png,flood-seg/submissions/Sazz-Sharma/cutouts/tile_009_051_post.png
tile_009_052,86.91640672919665,26.571880141703208,1949.879507353607,1922.871403062832,flood-seg/submissions/Sazz-Sharma/cutouts/tile_009_052_pre.png,flood-seg/submissions/Sazz-Sharma/cutouts/tile_009_052_post.png
tile_009_053,86.9168501293026,26.57188040121915,663.1229704287774,663.1229704287774,flood-seg/submissions/Sazz-Sharma/cutouts/tile_009_053_pre.png,flood-seg/submissions/Sazz-Sharma/cutouts/tile_009_053_post.png
tile_010_052,86.91640701857015,26.571481438354116,1949.879507353607,637.5318432427648,flood-seg/submissions/Sazz-Sharma/cutouts/tile_010_052_pre.png,flood-seg/submissions/Sazz-Sharma/cutouts/tile_010_052_post.png
tile_010_053,86.91685041714119,26.571481697865565,1947.700114746282,1626.8700926179622,flood-seg/submissions/Sazz-Sharma/cutouts/tile_010_053_pre.png,flood-seg/submissions/Sazz-Sharma/cutouts/tile_010_053_post.png
tile_010_054,86.91729381571822,26.57148195599684,1250.8672218042045,1250.8672218042045,flood-seg/submissions/Sazz-Sharma/cutouts/tile_010_054_pre.png,flood-seg/submissions/Sazz-Sharma/cutouts/tile_010_054_post.png
tile_010_055,86.91773721430123,26.57148221274795,165.8197931573256,165.8197931573256,flood-seg/submissions/Sazz-Sharma/cutouts/tile_010_055_pre.png,flood-seg/submissions/Sazz-Sharma/cutouts/tile_010_055_post.png
tile_010_056,86.91818061289017,26.57148246811888,171.03025227483812,171.03025227483812,flood-seg/submissions/Sazz-Sharma/cutouts/tile_010_056_pre.png,flood-seg/submissions/Sazz-Sharma/cutouts/tile_010_056_post.png
tile_011_026,86.90487898720733,26.571075503370015,524.3949613125081,524.3949613125081,flood-seg/submissions/Sazz-Sharma/cutouts/tile_011_026_pre.png,flood-seg/submissions/Sazz-Sharma/cutouts/tile_011_026_post.png
tile_011_027,86.90532238407633,26.571075798760805,1524.7343085246805,1221.7373709562983,flood-seg/submissions/Sazz-Sharma/cutouts/tile_011_027_pre.png,flood-seg/submissions/Sazz-Sharma/cutouts/tile_011_027_post.png
tile_011_054,86.91729410201596,26.571083252616464,1949.879507353607,736.6495776759027,flood-seg/submissions/Sazz-Sharma/cutouts/tile_011_054_pre.png,flood-seg/submissions/Sazz-Sharma/cutouts/tile_011_054_post.png
tile_011_055,86.91773749906409,26.571083509363124,1866.0770267719442,1847.3866896591255,flood-seg/submissions/Sazz-Sharma/cutouts/tile_011_055_pre.png,flood-seg/submissions/Sazz-Sharma/cutouts/tile_011_055_post.png
tile_011_056,86.91818089611814,26.571083764729632,1935.2281128543632,1935.2281128543632,flood-seg/submissions/Sazz-Sharma/cutouts/tile_011_056_pre.png,flood-seg/submissions/Sazz-Sharma/cutouts/tile_011_056_post.png
tile_011_057,86.9186242931781,26.571084018715993,945.8898634791659,945.8898634791659,flood-seg/submissions/Sazz-Sharma/cutouts/tile_011_057_pre.png,flood-seg/submissions/Sazz-Sharma/cutouts/tile_011_057_post.png
tile_012_024,86.90399252582695,26.570676205189823,310.3886488432261,310.3886488432261,flood-seg/submissions/Sazz-Sharma/cutouts/tile_012_024_pre.png,flood-seg/submissions/Sazz-Sharma/cutouts/tile_012_024_post.png
tile_012_025,86.90443592114735,26.570676503335736,1390.8764608747802,1390.8764608747802,flood-seg/submissions/Sazz-Sharma/cutouts/tile_012_025_pre.png,flood-seg/submissions/Sazz-Sharma/cutouts/tile_012_025_post.png
tile_012_026,86.90487931647466,26.57067680010153,1949.879507353607,1949.879507353607,flood-seg/submissions/Sazz-Sharma/cutouts/tile_012_026_pre.png,flood-seg/submissions/Sazz-Sharma/cutouts/tile_012_026_post.png
tile_012_027,86.90532271180881,26.570677095487202,1949.879507353607,529.7095552303707,flood-seg/submissions/Sazz-Sharma/cutouts/tile_012_027_pre.png,flood-seg/submissions/Sazz-Sharma/cutouts/tile_012_027_post.png
tile_012_055,86.91773778382101,26.570684805955977,1949.879507353607,1163.2489446097168,flood-seg/submissions/Sazz-Sharma/cutouts/tile_012_055_pre.png,flood-seg/submissions/Sazz-Sharma/cutouts/tile_012_055_post.png
tile_012_056,86.91818117934022,26.57068506131806,1949.879507353607,1949.879507353607,flood-seg/submissions/Sazz-Sharma/cutouts/tile_012_056_pre.png,flood-seg/submissions/Sazz-Sharma/cutouts/tile_012_056_post.png
tile_012_057,86.91862457486533,26.570685315300025,1753.4738356934813,1753.4738356934813,flood-seg/submissions/Sazz-Sharma/cutouts/tile_012_057_pre.png,flood-seg/submissions/Sazz-Sharma/cutouts/tile_012_057_post.png
tile_012_058,86.9190036693839,26.570685531355224,362.10645361705133,362.10645361705133,flood-seg/submissions/Sazz-Sharma/cutouts/tile_012_058_pre.png,flood-seg/submissions/Sazz-Sharma/cutouts/tile_012_058_post.png
tile_013_024,86.90399285815704,26.57027750190931,1485.360196692343,1485.360196692343,flood-seg/submissions/Sazz-Sharma/cutouts/tile_013_024_pre.png,flood-seg/submissions/Sazz-Sharma/cutouts/tile_013_024_post.png
tile_013_025,86.90443625194264,26.57027780005006,1866.588403023663,1866.588403023663,flood-seg/submissions/Sazz-Sharma/cutouts/tile_013_025_pre.png,flood-seg/submissions/Sazz-Sharma/cutouts/tile_013_025_post.png
tile_013_026,86.90487964573512,26.570278096810718,1949.879507353607,1819.179175614319,flood-seg/submissions/Sazz-Sharma/cutouts/tile_013_026_pre.png,flood-seg/submissions/Sazz-Sharma/cutouts/tile_013_026_post.png
tile_013_055,86.91773806857199,26.570286102526502,1949.879507353607,230.58791987501334,flood-seg/submissions/Sazz-Sharma/cutouts/tile_013_055_pre.png,flood-seg/submissions/Sazz-Sharma/cutouts/tile_013_055_post.png
tile_013_056,86.91818146255639,26.570286357884168,1949.879507353607,1496.5900191800868,flood-seg/submissions/Sazz-Sharma/cutouts/tile_013_056_pre.png,flood-seg/submissions/Sazz-Sharma/cutouts/tile_013_056_post.png
tile_013_057,86.9186248565467,26.570286611861732,1949.879507353607,1947.8786315468822,flood-seg/submissions/Sazz-Sharma/cutouts/tile_013_057_pre.png,flood-seg/submissions/Sazz-Sharma/cutouts/tile_013_057_post.png
tile_013_058,86.91900394975303,26.57028682791319,1384.338283052805,1384.338283052805,flood-seg/submissions/Sazz-Sharma/cutouts/tile_013_058_pre.png,flood-seg/submissions/Sazz-Sharma/cutouts/tile_013_058_post.png
tile_014_024,86.90399319048021,26.569878798606474,134.2074430510755,134.2074430510755,flood-seg/submissions/Sazz-Sharma/cutouts/tile_014_024_pre.png,flood-seg/submissions/Sazz-Sharma/cutouts/tile_014_024_post.png
tile_014_025,86.90443658273102,26.56987909674206,1363.95017678428,1363.95017678428,flood-seg/submissions/Sazz-Sharma/cutouts/tile_014_025_pre.png,flood-seg/submissions/Sazz-Sharma/cutouts/tile_014_025_post.png
tile_014_026,86.90487997498875,26.569879393497576,1949.879507353607,799.6436936876279,flood-seg/submissions/Sazz-Sharma/cutouts/tile_014_026_pre.png,flood-seg/submissions/Sazz-Sharma/cutouts/tile_014_026_post.png
tile_014_057,86.9186251382222,26.569887908401117,1949.879507353607,391.7718548667577,flood-seg/submissions/Sazz-Sharma/cutouts/tile_014_057_pre.png,flood-seg/submissions/Sazz-Sharma/cutouts/tile_014_057_post.png
tile_014_058,86.91900423011631,26.569888124448827,1267.4395314599046,1267.4395314599046,flood-seg/submissions/Sazz-Sharma/cutouts/tile_014_058_pre.png,flood-seg/submissions/Sazz-Sharma/cutouts/tile_014_058_post.png
tile_015_057,86.91862541989182,26.56948920491817,1848.0059198112067,431.6424665507641,flood-seg/submissions/Sazz-Sharma/cutouts/tile_015_057_pre.png,flood-seg/submissions/Sazz-Sharma/cutouts/tile_015_057_post.png
tile_015_058,86.91900451047377,26.569489420962146,235.05455899002587,233.3791044343946,flood-seg/submissions/Sazz-Sharma/cutouts/tile_015_058_pre.png,flood-seg/submissions/Sazz-Sharma/cutouts/tile_015_058_post.png
tile_021_056,86.91818372807337,26.567096729609375,1032.8870509715662,497.9614579736643,flood-seg/submissions/Sazz-Sharma/cutouts/tile_021_056_pre.png,flood-seg/submissions/Sazz-Sharma/cutouts/tile_021_056_post.png
tile_022_055,86.91774063106391,26.56669777065671,1949.879507353607,145.55255763920678,flood-seg/submissions/Sazz-Sharma/cutouts/tile_022_055_pre.png,flood-seg/submissions/Sazz-Sharma/cutouts/tile_022_055_post.png
tile_022_056,86.91818401123643,26.566698025974578,667.2995197428149,667.2995197428149,flood-seg/submissions/Sazz-Sharma/cutouts/tile_022_056_pre.png,flood-seg/submissions/Sazz-Sharma/cutouts/tile_022_056_post.png
tile_023_055,86.91774091575556,26.566299067004014,1940.7286617728507,1351.595326542755,flood-seg/submissions/Sazz-Sharma/cutouts/tile_023_055_pre.png,flood-seg/submissions/Sazz-Sharma/cutouts/tile_023_055_post.png
tile_023_056,86.9181842943936,26.56629932231746,199.08528321913198,199.08528321913198,flood-seg/submissions/Sazz-Sharma/cutouts/tile_023_056_pre.png,flood-seg/submissions/Sazz-Sharma/cutouts/tile_023_056_post.png
tile_024_055,86.91774120044128,26.565900363328996,1908.984283616157,1892.3338728601943,flood-seg/submissions/Sazz-Sharma/cutouts/tile_024_055_pre.png,flood-seg/submissions/Sazz-Sharma/cutouts/tile_024_055_post.png
tile_025_055,86.91774148512107,26.565501659631654,658.5652133634586,658.5652133634586,flood-seg/submissions/Sazz-Sharma/cutouts/tile_025_055_pre.png,flood-seg/submissions/Sazz-Sharma/cutouts/tile_025_055_post.png
tile_032_051,86.91597001845689,26.56270969823428,508.5553143592706,188.05257303205067,flood-seg/submissions/Sazz-Sharma/cutouts/tile_032_051_pre.png,flood-seg/submissions/Sazz-Sharma/cutouts/tile_032_051_post.png
tile_033_051,86.91597030922593,26.56231099437631,1949.879507353607,1949.879507353607,flood-seg/submissions/Sazz-Sharma/cutouts/tile_033_051_pre.png,flood-seg/submissions/Sazz-Sharma/cutouts/tile_033_051_post.png
tile_033_052,86.9164136724969,26.562311255164015,841.431501428078,841.431501428078,flood-seg/submissions/Sazz-Sharma/cutouts/tile_033_052_pre.png,flood-seg/submissions/Sazz-Sharma/cutouts/tile_033_052_post.png
tile_034_050,86.91552723825811,26.56191202833322,1949.879507353607,1305.3483178873173,flood-seg/submissions/Sazz-Sharma/cutouts/tile_034_050_pre.png,flood-seg/submissions/Sazz-Sharma/cutouts/tile_034_050_post.png
tile_034_051,86.91597059998888,26.56191229049601,1117.5486436561166,1117.5486436561166,flood-seg/submissions/Sazz-Sharma/cutouts/tile_034_051_pre.png,flood-seg/submissions/Sazz-Sharma/cutouts/tile_034_051_post.png
tile_035_050,86.91552753054911,26.56151332443515,1899.6567807848069,1880.8139605714755,flood-seg/submissions/Sazz-Sharma/cutouts/tile_035_050_pre.png,flood-seg/submissions/Sazz-Sharma/cutouts/tile_035_050_post.png
tile_035_051,86.9159708907458,26.5615135865934,642.7125495601773,642.7125495601773,flood-seg/submissions/Sazz-Sharma/cutouts/tile_035_051_pre.png,flood-seg/submissions/Sazz-Sharma/cutouts/tile_035_051_post.png
tile_036_016,86.90045363213923,26.561104886456686,1506.7338644641804,212.02031306260702,flood-seg/submissions/Sazz-Sharma/cutouts/tile_036_016_pre.png,flood-seg/submissions/Sazz-Sharma/cutouts/tile_036_016_post.png
tile_036_049,86.91508446417753,26.561114356981506,1949.879507353607,1198.2828667274669,flood-seg/submissions/Sazz-Sharma/cutouts/tile_036_049_pre.png,flood-seg/submissions/Sazz-Sharma/cutouts/tile_036_049_post.png
tile_036_050,86.91552782283404,26.561114620514765,782.5060808300278,782.5060808300278,flood-seg/submissions/Sazz-Sharma/cutouts/tile_036_050_pre.png,flood-seg/submissions/Sazz-Sharma/cutouts/tile_036_050_post.png
tile_037_015,86.90001061967912,26.56070587225005,821.6812208116968,410.4175627794265,flood-seg/submissions/Sazz-Sharma/cutouts/tile_037_015_pre.png,flood-seg/submissions/Sazz-Sharma/cutouts/tile_037_015_post.png
tile_037_048,86.91464140087406,26.560715388135154,1949.879507353607,107.05987250983164,flood-seg/submissions/Sazz-Sharma/cutouts/tile_037_048_pre.png,flood-seg/submissions/Sazz-Sharma/cutouts/tile_037_048_post.png
tile_037_049,86.9150847579904,26.56071565304337,1298.3526907638047,1246.497279289517,flood-seg/submissions/Sazz-Sharma/cutouts/tile_037_049_pre.png,flood-seg/submissions/Sazz-Sharma/cutouts/tile_037_049_post.png
tile_038_014,86.89956761028708,26.56030685665236,263.87014588687595,240.03071480675086,flood-seg/submissions/Sazz-Sharma/cutouts/tile_038_014_pre.png,flood-seg/submissions/Sazz-Sharma/cutouts/tile_038_014_post.png
tile_038_015,86.90001096564221,26.560307168459033,1852.4985926263068,367.8264294362763,flood-seg/submissions/Sazz-Sharma/cutouts/tile_038_015_pre.png,flood-seg/submissions/Sazz-Sharma/cutouts/tile_038_015_post.png
tile_038_048,86.91464169621483,26.560316684179277,1321.1916839405674,281.1156126448385,flood-seg/submissions/Sazz-Sharma/cutouts/tile_038_048_pre.png,flood-seg/submissions/Sazz-Sharma/cutouts/tile_038_048_post.png
tile_038_049,86.91508505179716,26.560316949082907,114.72679718560042,114.72679718560042,flood-seg/submissions/Sazz-Sharma/cutouts/tile_038_049_pre.png,flood-seg/submissions/Sazz-Sharma/cutouts/tile_038_049_post.png
tile_040_011,86.89823824844147,26.559508505349847,913.2026934693033,306.65281288066984,flood-seg/submissions/Sazz-Sharma/cutouts/tile_040_011_pre.png,flood-seg/submissions/Sazz-Sharma/cutouts/tile_040_011_post.png
tile_041_007,86.89646519766636,26.559108524004316,1342.5820876624612,1342.5820876624612,flood-seg/submissions/Sazz-Sharma/cutouts/tile_041_007_pre.png,flood-seg/submissions/Sazz-Sharma/cutouts/tile_041_007_post.png
tile_041_008,86.89690854836829,26.559108845450783,1366.9607882443988,1366.9607882443988,flood-seg/submissions/Sazz-Sharma/cutouts/tile_041_008_pre.png,flood-seg/submissions/Sazz-Sharma/cutouts/tile_041_008_post.png
tile_041_009,86.89735189907766,26.559109165517818,867.0003140140157,867.0003140140157,flood-seg/submissions/Sazz-Sharma/cutouts/tile_041_009_pre.png,flood-seg/submissions/Sazz-Sharma/cutouts/tile_041_009_post.png
tile_041_010,86.89779524979443,26.55910948420543,1656.836740968681,1656.836740968681,flood-seg/submissions/Sazz-Sharma/cutouts/tile_041_010_pre.png,flood-seg/submissions/Sazz-Sharma/cutouts/tile_041_010_post.png
tile_041_011,86.89823860051857,26.55910980151361,1949.879507353607,1501.8376692977242,flood-seg/submissions/Sazz-Sharma/cutouts/tile_041_011_pre.png,flood-seg/submissions/Sazz-Sharma/cutouts/tile_041_011_post.png
tile_042_006,86.89602220671104,26.558709497347603,107.19190056027539,107.19190056027539,flood-seg/submissions/Sazz-Sharma/cutouts/tile_042_006_pre.png,flood-seg/submissions/Sazz-Sharma/cutouts/tile_042_006_post.png
tile_042_007,86.89646555587163,26.558709820167905,1843.0892695946818,1843.0892695946818,flood-seg/submissions/Sazz-Sharma/cutouts/tile_042_007_pre.png,flood-seg/submissions/Sazz-Sharma/cutouts/tile_042_007_post.png
tile_042_008,86.89690890503968,26.5587101416088,1949.879507353607,1949.879507353607,flood-seg/submissions/Sazz-Sharma/cutouts/tile_042_008_pre.png,flood-seg/submissions/Sazz-Sharma/cutouts/tile_042_008_post.png
tile_042_009,86.89735225421518,26.558710461670294,1949.879507353607,1949.879507353607,flood-seg/submissions/Sazz-Sharma/cutouts/tile_042_009_pre.png,flood-seg/submissions/Sazz-Sharma/cutouts/tile_042_009_post.png
tile_042_010,86.89779560339807,26.558710780352385,1949.879507353607,1885.6673860877881,flood-seg/submissions/Sazz-Sharma/cutouts/tile_042_010_pre.png,flood-seg/submissions/Sazz-Sharma/cutouts/tile_042_010_post.png
tile_042_011,86.89823895258831,26.558711097655074,1949.879507353607,1026.50321580011,flood-seg/submissions/Sazz-Sharma/cutouts/tile_042_011_pre.png,flood-seg/submissions/Sazz-Sharma/cutouts/tile_042_011_post.png
tile_043_005,86.89557921882344,26.558310469300377,821.5361759112093,821.5361759112093,flood-seg/submissions/Sazz-Sharma/cutouts/tile_043_005_pre.png,flood-seg/submissions/Sazz-Sharma/cutouts/tile_043_005_post.png
tile_043_006,86.8960225664427,26.558310793494467,1584.7308299263307,1584.7308299263307,flood-seg/submissions/Sazz-Sharma/cutouts/tile_043_006_pre.png,flood-seg/submissions/Sazz-Sharma/cutouts/tile_043_006_post.png
tile_043_007,86.89646591406944,26.558311116309174,1949.879507353607,1949.879507353607,flood-seg/submissions/Sazz-Sharma/cutouts/tile_043_007_pre.png,flood-seg/submissions/Sazz-Sharma/cutouts/tile_043_007_post.png
tile_043_008,86.89690926170366,26.558311437744504,1949.879507353607,1949.879507353607,flood-seg/submissions/Sazz-Sharma/cutouts/tile_043_008_pre.png,flood-seg/submissions/Sazz-Sharma/cutouts/tile_043_008_post.png
tile_043_009,86.89735260934529,26.558311757800453,1949.879507353607,784.7747318376529,flood-seg/submissions/Sazz-Sharma/cutouts/tile_043_009_pre.png,flood-seg/submissions/Sazz-Sharma/cutouts/tile_043_009_post.png
tile_044_004,86.89513623400353,26.557911439862718,996.3989607489286,996.3989607489286,flood-seg/submissions/Sazz-Sharma/cutouts/tile_044_004_pre.png,flood-seg/submissions/Sazz-Sharma/cutouts/tile_044_004_post.png
tile_044_005,86.89557958008142,26.557911765430546,1949.879507353607,1949.879507353607,flood-seg/submissions/Sazz-Sharma/cutouts/tile_044_005_pre.png,flood-seg/submissions/Sazz-Sharma/cutouts/tile_044_005_post.png
tile_044_006,86.89602292616686,26.55791208961902,1949.879507353607,1949.879507353607,flood-seg/submissions/Sazz-Sharma/cutouts/tile_044_006_pre.png,flood-seg/submissions/Sazz-Sharma/cutouts/tile_044_006_post.png
tile_044_007,86.89646627225977,26.55791241242813,1949.879507353607,1949.879507353607,flood-seg/submissions/Sazz-Sharma/cutouts/tile_044_007_pre.png,flood-seg/submissions/Sazz-Sharma/cutouts/tile_044_007_post.png
tile_044_008,86.89690961836018,26.55791273385789,1949.879507353607,1949.879507353607,flood-seg/submissions/Sazz-Sharma/cutouts/tile_044_008_pre.png,flood-seg/submissions/Sazz-Sharma/cutouts/tile_044_008_post.png
tile_044_009,86.897352964468,26.557913053908294,1949.879507353607,393.5123936726077,flood-seg/submissions/Sazz-Sharma/cutouts/tile_044_009_pre.png,flood-seg/submissions/Sazz-Sharma/cutouts/tile_044_009_post.png
tile_045_004,86.89513659678775,26.5575127359762,1693.7711231928188,1693.7711231928188,flood-seg/submissions/Sazz-Sharma/cutouts/tile_045_004_pre.png,flood-seg/submissions/Sazz-Sharma/cutouts/tile_045_004_post.png
tile_045_005,86.89557994133186,26.55751306153839,1949.879507353607,1949.879507353607,flood-seg/submissions/Sazz-Sharma/cutouts/tile_045_005_pre.png,flood-seg/submissions/Sazz-Sharma/cutouts/tile_045_005_post.png
tile_045_006,86.89602328588352,26.557513385721244,1949.879507353607,1949.879507353607,flood-seg/submissions/Sazz-Sharma/cutouts/tile_045_006_pre.png,flood-seg/submissions/Sazz-Sharma/cutouts/tile_045_006_post.png
tile_045_007,86.89646663044266,26.557513708524766,1949.879507353607,1949.879507353607,flood-seg/submissions/Sazz-Sharma/cutouts/tile_045_007_pre.png,flood-seg/submissions/Sazz-Sharma/cutouts/tile_045_007_post.png
tile_045_008,86.89690997500927,26.557514029948955,1949.879507353607,1716.9969027708812,flood-seg/submissions/Sazz-Sharma/cutouts/tile_045_008_pre.png,flood-seg/submissions/Sazz-Sharma/cutouts/tile_045_008_post.png
tile_045_009,86.89735331958332,26.557514349993813,1949.879507353607,485.51920888184554,flood-seg/submissions/Sazz-Sharma/cutouts/tile_045_009_pre.png,flood-seg/submissions/Sazz-Sharma/cutouts/tile_045_009_post.png
tile_046_004,86.89513695956441,26.557114032067368,241.14644481050087,241.14644481050087,flood-seg/submissions/Sazz-Sharma/cutouts/tile_046_004_pre.png,flood-seg/submissions/Sazz-Sharma/cutouts/tile_046_004_post.png
tile_046_005,86.89558030257479,26.557114357623913,1463.8340458199928,1463.8340458199928,flood-seg/submissions/Sazz-Sharma/cutouts/tile_046_005_pre.png,flood-seg/submissions/Sazz-Sharma/cutouts/tile_046_005_post.png
tile_046_006,86.89602364559268,26.557114681801146,1949.879507353607,1667.5365917046436,flood-seg/submissions/Sazz-Sharma/cutouts/tile_046_006_pre.png,flood-seg/submissions/Sazz-Sharma/cutouts/tile_046_006_post.png
tile_046_007,86.89646698861807,26.557115004599083,1949.879507353607,515.2422561817456,flood-seg/submissions/Sazz-Sharma/cutouts/tile_046_007_pre.png,flood-seg/submissions/Sazz-Sharma/cutouts/tile_046_007_post.png
tile_047_005,86.89558066381016,26.55671565368712,661.1741620222274,661.1741620222274,flood-seg/submissions/Sazz-Sharma/cutouts/tile_047_005_pre.png,flood-seg/submissions/Sazz-Sharma/cutouts/tile_047_005_post.png
tile_047_006,86.89602400529435,26.55671597785874,1949.879507353607,1571.8236933329495,flood-seg/submissions/Sazz-Sharma/cutouts/tile_047_006_pre.png,flood-seg/submissions/Sazz-Sharma/cutouts/tile_047_006_post.png
tile_048_005,86.89558102503803,26.55631694972801,1361.1794472749675,1296.8427361587296,flood-seg/submissions/Sazz-Sharma/cutouts/tile_048_005_pre.png,flood-seg/submissions/Sazz-Sharma/cutouts/tile_048_005_post.png
tile_048_006,86.89602436498852,26.556317273894017,1949.879507353607,515.0470034310894,flood-seg/submissions/Sazz-Sharma/cutouts/tile_048_006_pre.png,flood-seg/submissions/Sazz-Sharma/cutouts/tile_048_006_post.png
tile_049_004,86.89513804784904,26.55591792020696,1174.9157613489292,664.309363332765,flood-seg/submissions/Sazz-Sharma/cutouts/tile_049_004_pre.png,flood-seg/submissions/Sazz-Sharma/cutouts/tile_049_004_post.png
tile_049_005,86.89558138625836,26.555918245746586,1949.879507353607,202.73557988140072,flood-seg/submissions/Sazz-Sharma/cutouts/tile_049_005_pre.png,flood-seg/submissions/Sazz-Sharma/cutouts/tile_049_005_post.png
tile_050_003,86.89469507372735,26.55551888929566,644.9068185675524,644.9068185675524,flood-seg/submissions/Sazz-Sharma/cutouts/tile_050_003_pre.png,flood-seg/submissions/Sazz-Sharma/cutouts/tile_050_003_post.png
tile_050_004,86.89513841059548,26.555519216208854,1949.879507353607,763.5386707662777,flood-seg/submissions/Sazz-Sharma/cutouts/tile_050_004_pre.png,flood-seg/submissions/Sazz-Sharma/cutouts/tile_050_004_post.png
tile_051_003,86.8946954379998,26.555120185280902,1613.3288494724495,1249.4483851494358,flood-seg/submissions/Sazz-Sharma/cutouts/tile_051_003_pre.png,flood-seg/submissions/Sazz-Sharma/cutouts/tile_051_003_post.png
tile_051_004,86.89513877333432,26.555120512188434,1949.879507353607,139.8604750700755,flood-seg/submissions/Sazz-Sharma/cutouts/tile_051_004_pre.png,flood-seg/submissions/Sazz-Sharma/cutouts/tile_051_004_post.png
tile_051_042,86.91198552135646,26.55513191269524,1935.702298105957,554.413677063402,flood-seg/submissions/Sazz-Sharma/cutouts/tile_051_042_pre.png,flood-seg/submissions/Sazz-Sharma/cutouts/tile_051_042_post.png
tile_051_043,86.91242885696215,26.55513218581436,220.5351925412258,220.5351925412258,flood-seg/submissions/Sazz-Sharma/cutouts/tile_051_043_pre.png,flood-seg/submissions/Sazz-Sharma/cutouts/tile_051_043_post.png
tile_052_002,86.8942524684713,26.5547211529628,783.9156197347653,278.5494336362135,flood-seg/submissions/Sazz-Sharma/cutouts/tile_052_002_pre.png,flood-seg/submissions/Sazz-Sharma/cutouts/tile_052_002_post.png
tile_052_042,86.91198582581244,26.554733208454973,1949.879507353607,1582.1925441677995,flood-seg/submissions/Sazz-Sharma/cutouts/tile_052_042_pre.png,flood-seg/submissions/Sazz-Sharma/cutouts/tile_052_042_post.png
tile_052_043,86.91242915988457,26.554733481569354,1220.225556801217,1220.225556801217,flood-seg/submissions/Sazz-Sharma/cutouts/tile_052_043_pre.png,flood-seg/submissions/Sazz-Sharma/cutouts/tile_052_043_post.png
tile_053_041,86.91154279772982,26.554334229703592,1949.879507353607,265.05653879086344,flood-seg/submissions/Sazz-Sharma/cutouts/tile_053_041_pre.png,flood-seg/submissions/Sazz-Sharma/cutouts/tile_053_041_post.png
tile_053_042,86.91198613026208,26.55433450419239,1949.879507353607,1949.879507353607,flood-seg/submissions/Sazz-Sharma/cutouts/tile_053_042_pre.png,flood-seg/submissions/Sazz-Sharma/cutouts/tile_053_042_post.png
tile_053_043,86.91242946280067,26.554334777302046,1755.9210035017063,1755.9210035017063,flood-seg/submissions/Sazz-Sharma/cutouts/tile_053_043_pre.png,flood-seg/submissions/Sazz-Sharma/cutouts/tile_053_043_post.png
tile_054_001,86.89370379898968,26.553923336108802,429.5355963936828,429.5355963936828,flood-seg/submissions/Sazz-Sharma/cutouts/tile_054_001_pre.png,flood-seg/submissions/Sazz-Sharma/cutouts/tile_054_001_post.png
tile_054_002,86.89425320004524,26.55392374483307,1949.879507353607,647.7854019772274,flood-seg/submissions/Sazz-Sharma/cutouts/tile_054_002_pre.png,flood-seg/submissions/Sazz-Sharma/cutouts/tile_054_002_post.png
tile_054_041,86.9115431037066,26.553935525423444,1949.879507353607,837.6268621152906,flood-seg/submissions/Sazz-Sharma/cutouts/tile_054_041_pre.png,flood-seg/submissions/Sazz-Sharma/cutouts/tile_054_041_post.png
tile_054_042,86.91198643470536,26.553935799907492,1949.879507353607,1949.879507353607,flood-seg/submissions/Sazz-Sharma/cutouts/tile_054_042_pre.png,flood-seg/submissions/Sazz-Sharma/cutouts/tile_054_042_post.png
tile_054_043,86.91242976571046,26.553936073012412,1718.7690539268376,1718.7690539268376,flood-seg/submissions/Sazz-Sharma/cutouts/tile_054_043_pre.png,flood-seg/submissions/Sazz-Sharma/cutouts/tile_054_043_post.png
tile_055_001,86.89370416666557,26.553524632017552,1015.0465282116037,1015.0465282116037,flood-seg/submissions/Sazz-Sharma/cutouts/tile_055_001_pre.png,flood-seg/submissions/Sazz-Sharma/cutouts/tile_055_001_post.png
tile_055_002,86.8942535658208,26.553525040734748,1949.879507353607,1754.8220094480125,flood-seg/submissions/Sazz-Sharma/cutouts/tile_055_002_pre.png,flood-seg/submissions/Sazz-Sharma/cutouts/tile_055_002_post.png
tile_055_042,86.91198673914229,26.55353709560028,1949.879507353607,1892.9047547121131,flood-seg/submissions/Sazz-Sharma/cutouts/tile_055_042_pre.png,flood-seg/submissions/Sazz-Sharma/cutouts/tile_055_042_post.png
tile_055_043,86.91243006861393,26.553537368700468,1923.540841065082,1923.540841065082,flood-seg/submissions/Sazz-Sharma/cutouts/tile_055_043_pre.png,flood-seg/submissions/Sazz-Sharma/cutouts/tile_055_043_post.png
tile_055_044,86.91287339809188,26.55353764042156,284.03882525466355,284.03882525466355,flood-seg/submissions/Sazz-Sharma/cutouts/tile_055_044_pre.png,flood-seg/submissions/Sazz-Sharma/cutouts/tile_055_044_post.png
tile_056_001,86.89370453433382,26.553125927903988,1016.8316962176037,1016.8316962176037,flood-seg/submissions/Sazz-Sharma/cutouts/tile_056_001_pre.png,flood-seg/submissions/Sazz-Sharma/cutouts/tile_056_001_post.png
tile_056_002,86.89425393158872,26.553126336614095,1949.879507353607,1949.879507353607,flood-seg/submissions/Sazz-Sharma/cutouts/tile_056_002_pre.png,flood-seg/submissions/Sazz-Sharma/cutouts/tile_056_002_post.png
tile_056_003,86.89469725924819,26.55312666487238,1949.879507353607,810.4904488740842,flood-seg/submissions/Sazz-Sharma/cutouts/tile_056_003_pre.png,flood-seg/submissions/Sazz-Sharma/cutouts/tile_056_003_post.png
tile_056_004,86.89514058691525,26.55312699175159,1949.879507353607,988.8826596236661,flood-seg/submissions/Sazz-Sharma/cutouts/tile_056_004_pre.png,flood-seg/submissions/Sazz-Sharma/cutouts/tile_056_004_post.png
tile_056_005,86.89558391458986,26.553127317251732,1949.879507353607,875.875946193847,flood-seg/submissions/Sazz-Sharma/cutouts/tile_056_005_pre.png,flood-seg/submissions/Sazz-Sharma/cutouts/tile_056_005_post.png
tile_056_042,86.9119870435729,26.55313839127075,1949.879507353607,803.8927654519092,flood-seg/submissions/Sazz-Sharma/cutouts/tile_056_042_pre.png,flood-seg/submissions/Sazz-Sharma/cutouts/tile_056_042_post.png
tile_056_043,86.91243037151109,26.553138664366212,1949.879507353607,1949.879507353607,flood-seg/submissions/Sazz-Sharma/cutouts/tile_056_043_pre.png,flood-seg/submissions/Sazz-Sharma/cutouts/tile_056_043_post.png
tile_056_044,86.9128736994556,26.553138936082597,1815.6423115024315,1815.6423115024315,flood-seg/submissions/Sazz-Sharma/cutouts/tile_056_044_pre.png,flood-seg/submissions/Sazz-Sharma/cutouts/tile_056_044_post.png
tile_056_045,86.91331702740639,26.553139206419907,487.1016859371643,487.1016859371643,flood-seg/submissions/Sazz-Sharma/cutouts/tile_056_045_pre.png,flood-seg/submissions/Sazz-Sharma/cutouts/tile_056_045_post.png
tile_057_001,86.8937049019944,26.552727223768105,228.3694767175571,228.3694767175571,flood-seg/submissions/Sazz-Sharma/cutouts/tile_057_001_pre.png,flood-seg/submissions/Sazz-Sharma/cutouts/tile_057_001_post.png
tile_057_002,86.89425429734904,26.552727632471136,1726.4992033028188,1726.4992033028188,flood-seg/submissions/Sazz-Sharma/cutouts/tile_057_002_pre.png,flood-seg/submissions/Sazz-Sharma/cutouts/tile_057_002_post.png
tile_057_003,86.8946976234751,26.55272796072373,1865.7367291208006,1865.7367291208006,flood-seg/submissions/Sazz-Sharma/cutouts/tile_057_003_pre.png,flood-seg/submissions/Sazz-Sharma/cutouts/tile_057_003_post.png
tile_057_004,86.89514094960876,26.552728287597276,1949.879507353607,1949.879507353607,flood-seg/submissions/Sazz-Sharma/cutouts/tile_057_004_pre.png,flood-seg/submissions/Sazz-Sharma/cutouts/tile_057_004_post.png
tile_057_005,86.89558427574998,26.552728613091777,1949.879507353607,1938.5325332154696,flood-seg/submissions/Sazz-Sharma/cutouts/tile_057_005_pre.png,flood-seg/submissions/Sazz-Sharma/cutouts/tile_057_005_post.png
tile_057_006,86.89602760189872,26.552728937207235,1949.879507353607,248.97329078680715,flood-seg/submissions/Sazz-Sharma/cutouts/tile_057_006_pre.png,flood-seg/submissions/Sazz-Sharma/cutouts/tile_057_006_post.png
tile_057_043,86.91243067440196,26.552739960009635,1949.879507353607,1779.793906481944,flood-seg/submissions/Sazz-Sharma/cutouts/tile_057_043_pre.png,flood-seg/submissions/Sazz-Sharma/cutouts/tile_057_043_post.png
tile_057_044,86.91287400081306,26.55274023172132,1885.3642794367693,1885.3642794367693,flood-seg/submissions/Sazz-Sharma/cutouts/tile_057_044_pre.png,flood-seg/submissions/Sazz-Sharma/cutouts/tile_057_044_post.png
tile_057_045,86.91331732723044,26.552740502053947,385.29318264498266,385.29318264498266,flood-seg/submissions/Sazz-Sharma/cutouts/tile_057_045_pre.png,flood-seg/submissions/Sazz-Sharma/cutouts/tile_057_045_post.png
tile_058_003,86.89469798769441,26.552329256552756,1038.6404986909038,1038.6404986909038,flood-seg/submissions/Sazz-Sharma/cutouts/tile_058_003_pre.png,flood-seg/submissions/Sazz-Sharma/cutouts/tile_058_003_post.png
tile_058_004,86.8951413122947,26.552329583420637,1930.919535489882,1930.919535489882,flood-seg/submissions/Sazz-Sharma/cutouts/tile_058_004_pre.png,flood-seg/submissions/Sazz-Sharma/cutouts/tile_058_004_post.png
tile_058_005,86.89558463690254,26.552329908909503,1949.879507353607,1949.879507353607,flood-seg/submissions/Sazz-Sharma/cutouts/tile_058_005_pre.png,flood-seg/submissions/Sazz-Sharma/cutouts/tile_058_005_post.png
tile_058_006,86.89602796151793,26.55233023301934,1949.879507353607,1584.9465377270558,flood-seg/submissions/Sazz-Sharma/cutouts/tile_058_006_pre.png,flood-seg/submissions/Sazz-Sharma/cutouts/tile_058_006_post.png
tile_058_043,86.91243097728649,26.552341255630747,1949.879507353607,488.1895226908205,flood-seg/submissions/Sazz-Sharma/cutouts/tile_058_043_pre.png,flood-seg/submissions/Sazz-Sharma/cutouts/tile_058_043_post.png
tile_058_044,86.91287430216423,26.552341527337717,1949.879507353607,1949.879507353607,flood-seg/submissions/Sazz-Sharma/cutouts/tile_058_044_pre.png,flood-seg/submissions/Sazz-Sharma/cutouts/tile_058_044_post.png
tile_058_045,86.91331762704824,26.552341797665658,922.3665559001033,922.3665559001033,flood-seg/submissions/Sazz-Sharma/cutouts/tile_058_045_pre.png,flood-seg/submissions/Sazz-Sharma/cutouts/tile_058_045_post.png
tile_059_004,86.89514167497309,26.551930879221693,422.89514332136406,422.89514332136406,flood-seg/submissions/Sazz-Sharma/cutouts/tile_059_004_pre.png,flood-seg/submissions/Sazz-Sharma/cutouts/tile_059_004_post.png
tile_059_005,86.8955849980476,26.55193120470492,1894.2343329665819,1894.2343329665819,flood-seg/submissions/Sazz-Sharma/cutouts/tile_059_005_pre.png,flood-seg/submissions/Sazz-Sharma/cutouts/tile_059_005_post.png
tile_059_006,86.89602832112963,26.55193152880914,1949.879507353607,1949.879507353607,flood-seg/submissions/Sazz-Sharma/cutouts/tile_059_006_pre.png,flood-seg/submissions/Sazz-Sharma/cutouts/tile_059_006_post.png
tile_059_007,86.89647164421918,26.55193185153437,1949.879507353607,620.6062190858772,flood-seg/submissions/Sazz-Sharma/cutouts/tile_059_007_pre.png,flood-seg/submissions/Sazz-Sharma/cutouts/tile_059_007_post.png
tile_059_044,86.91287460350911,26.551942822931807,1949.879507353607,1538.5154336209994,flood-seg/submissions/Sazz-Sharma/cutouts/tile_059_044_pre.png,flood-seg/submissions/Sazz-Sharma/cutouts/tile_059_044_post.png
tile_059_045,86.91331792685978,26.551943093255073,1949.879507353607,1949.879507353607,flood-seg/submissions/Sazz-Sharma/cutouts/tile_059_045_pre.png,flood-seg/submissions/Sazz-Sharma/cutouts/tile_059_045_post.png
tile_059_046,86.91376125021671,26.551943362199335,1849.0881779148442,1849.0881779148442,flood-seg/submissions/Sazz-Sharma/cutouts/tile_059_046_pre.png,flood-seg/submissions/Sazz-Sharma/cutouts/tile_059_046_post.png
tile_059_047,86.91420457357984,26.551943629764594,820.6249964081468,820.6249964081468,flood-seg/submissions/Sazz-Sharma/cutouts/tile_059_047_pre.png,flood-seg/submissions/Sazz-Sharma/cutouts/tile_059_047_post.png
tile_060_005,86.89558535918513,26.551532500478014,488.7566854427268,488.7566854427268,flood-seg/submissions/Sazz-Sharma/cutouts/tile_060_005_pre.png,flood-seg/submissions/Sazz-Sharma/cutouts/tile_060_005_post.png
tile_060_006,86.89602868073386,26.551532824576626,1831.5005539557317,1831.5005539557317,flood-seg/submissions/Sazz-Sharma/cutouts/tile_060_006_pre.png,flood-seg/submissions/Sazz-Sharma/cutouts/tile_060_006_post.png
tile_060_007,86.8964720022901,26.551533147296258,1949.879507353607,1829.8901836503192,flood-seg/submissions/Sazz-Sharma/cutouts/tile_060_007_pre.png,flood-seg/submissions/Sazz-Sharma/cutouts/tile_060_007_post.png
tile_060_044,86.91287490484771,26.55154411850359,1949.879507353607,290.3761716759636,flood-seg/submissions/Sazz-Sharma/cutouts/tile_060_044_pre.png,flood-seg/submissions/Sazz-Sharma/cutouts/tile_060_044_post.png
tile_060_045,86.91331822666508,26.551544388822162,1949.879507353607,1949.879507353607,flood-seg/submissions/Sazz-Sharma/cutouts/tile_060_045_pre.png,flood-seg/submissions/Sazz-Sharma/cutouts/tile_060_045_post.png
tile_060_046,86.9137615484887,26.551544657761767,1949.879507353607,1949.879507353607,flood-seg/submissions/Sazz-Sharma/cutouts/tile_060_046_pre.png,flood-seg/submissions/Sazz-Sharma/cutouts/tile_060_046_post.png
tile_060_047,86.91420487031853,26.551544925322386,1287.725362478086,1287.725362478086,flood-seg/submissions/Sazz-Sharma/cutouts/tile_060_047_pre.png,flood-seg/submissions/Sazz-Sharma/cutouts/tile_060_047_post.png
tile_061_006,86.89602904033059,26.55113412032179,169.62815157012562,169.62815157012562,flood-seg/submissions/Sazz-Sharma/cutouts/tile_061_006_pre.png,flood-seg/submissions/Sazz-Sharma/cutouts/tile_061_006_post.png
tile_061_007,86.89647236035354,26.551134443035835,1715.8923300671688,1715.8923300671688,flood-seg/submissions/Sazz-Sharma/cutouts/tile_061_007_pre.png,flood-seg/submissions/Sazz-Sharma/cutouts/tile_061_007_post.png
tile_061_008,86.89691568038397,26.551134764370932,1949.879507353607,1050.5806692810352,flood-seg/submissions/Sazz-Sharma/cutouts/tile_061_008_pre.png,flood-seg/submissions/Sazz-Sharma/cutouts/tile_061_008_post.png
tile_061_045,86.91331852646412,26.551145684366944,1949.879507353607,1156.8186206881041,flood-seg/submissions/Sazz-Sharma/cutouts/tile_061_045_pre.png,flood-seg/submissions/Sazz-Sharma/cutouts/tile_061_045_post.png
tile_061_046,86.91376184675447,26.551145953301887,1949.879507353607,1949.879507353607,flood-seg/submissions/Sazz-Sharma/cutouts/tile_061_046_pre.png,flood-seg/submissions/Sazz-Sharma/cutouts/tile_061_046_post.png
tile_061_047,86.91420516705102,26.551146220857873,1784.3572421972815,1784.3572421972815,flood-seg/submissions/Sazz-Sharma/cutouts/tile_061_047_pre.png,flood-seg/submissions/Sazz-Sharma/cutouts/tile_061_047_post.png
tile_062_007,86.89647271840954,26.550735738753097,246.5242634285759,246.5242634285759,flood-seg/submissions/Sazz-Sharma/cutouts/tile_062_007_pre.png,flood-seg/submissions/Sazz-Sharma/cutouts/tile_062_007_post.png
tile_062_008,86.89691603690672,26.55073606008262,1758.7847105113315,1752.2855832394876,flood-seg/submissions/Sazz-Sharma/cutouts/tile_062_008_pre.png,flood-seg/submissions/Sazz-Sharma/cutouts/tile_062_008_post.png
tile_062_046,86.91376214501402,26.550747248819693,1949.879507353607,1678.3777682410812,flood-seg/submissions/Sazz-Sharma/cutouts/tile_062_046_pre.png,flood-seg/submissions/Sazz-Sharma/cutouts/tile_062_046_post.png
tile_062_047,86.91420546377734,26.550747516371043,1949.879507353607,1807.2204095241252,flood-seg/submissions/Sazz-Sharma/cutouts/tile_062_047_pre.png,flood-seg/submissions/Sazz-Sharma/cutouts/tile_062_047_post.png
tile_062_048,86.91464878254683,26.550747782543464,815.1858126398655,777.7270373139653,flood-seg/submissions/Sazz-Sharma/cutouts/tile_062_048_pre.png,flood-seg/submissions/Sazz-Sharma/cutouts/tile_062_048_post.png
tile_062_049,86.91509210132249,26.55074804733696,341.57330244803876,341.57330244803876,flood-seg/submissions/Sazz-Sharma/cutouts/tile_062_049_pre.png,flood-seg/submissions/Sazz-Sharma/cutouts/tile_062_049_post.png
tile_063_008,86.89691639342205,26.550337355771994,305.84948727796984,305.84948727796984,flood-seg/submissions/Sazz-Sharma/cutouts/tile_063_008_pre.png,flood-seg/submissions/Sazz-Sharma/cutouts/tile_063_008_post.png
tile_063_009,86.89735971039345,26.550337675717056,1829.977582500613,1222.3863539084794,flood-seg/submissions/Sazz-Sharma/cutouts/tile_063_009_pre.png,flood-seg/submissions/Sazz-Sharma/cutouts/tile_063_009_post.png
tile_063_046,86.91376244326737,26.550348544315185,1949.879507353607,163.38192309913185,flood-seg/submissions/Sazz-Sharma/cutouts/tile_063_046_pre.png,flood-seg/submissions/Sazz-Sharma/cutouts/tile_063_046_post.png
tile_063_048,86.91464907773374,26.550349078029708,1949.879507353607,843.0214166834218,flood-seg/submissions/Sazz-Sharma/cutouts/tile_063_048_pre.png,flood-seg/submissions/Sazz-Sharma/cutouts/tile_063_048_post.png
tile_063_049,86.91509239497618,26.55034934281861,1260.161252735442,1260.161252735442,flood-seg/submissions/Sazz-Sharma/cutouts/tile_063_049_pre.png,flood-seg/submissions/Sazz-Sharma/cutouts/tile_063_049_post.png
tile_064_009,86.89736006536816,26.549938971378584,983.668481406141,983.668481406141,flood-seg/submissions/Sazz-Sharma/cutouts/tile_064_009_pre.png,flood-seg/submissions/Sazz-Sharma/cutouts/tile_064_009_post.png
tile_064_010,86.89780338081378,26.549939289939214,1949.879507353607,581.3139274538146,flood-seg/submissions/Sazz-Sharma/cutouts/tile_064_010_pre.png,flood-seg/submissions/Sazz-Sharma/cutouts/tile_064_010_post.png
tile_064_013,86.89913332719475,26.54994023734784,1949.879507353607,234.72355908891336,flood-seg/submissions/Sazz-Sharma/cutouts/tile_064_013_pre.png,flood-seg/submissions/Sazz-Sharma/cutouts/tile_064_013_post.png
tile_064_014,86.89957664266966,26.549940550392957,1949.879507353607,395.9484041807952,flood-seg/submissions/Sazz-Sharma/cutouts/tile_064_014_pre.png,flood-seg/submissions/Sazz-Sharma/cutouts/tile_064_014_post.png
tile_064_049,86.91509268862377,26.549950638277963,1919.1932131504695,1511.200503579193,flood-seg/submissions/Sazz-Sharma/cutouts/tile_064_049_pre.png,flood-seg/submissions/Sazz-Sharma/cutouts/tile_064_049_post.png
tile_065_010,86.89780373424796,26.5495405855729,683.6895934979025,623.140785744396,flood-seg/submissions/Sazz-Sharma/cutouts/tile_065_010_pre.png,flood-seg/submissions/Sazz-Sharma/cutouts/tile_065_010_post.png
tile_065_012,86.898690362095,26.549541218546555,1836.5306367226378,889.9583183911783,flood-seg/submissions/Sazz-Sharma/cutouts/tile_065_012_pre.png,flood-seg/submissions/Sazz-Sharma/cutouts/tile_065_012_post.png
tile_065_013,86.89913367602949,26.549541532965108,1949.879507353607,1949.879507353607,flood-seg/submissions/Sazz-Sharma/cutouts/tile_065_013_pre.png,flood-seg/submissions/Sazz-Sharma/cutouts/tile_065_013_post.png
tile_065_014,86.89957698997125,26.549541846004804,1949.879507353607,1822.881539676763,flood-seg/submissions/Sazz-Sharma/cutouts/tile_065_014_pre.png,flood-seg/submissions/Sazz-Sharma/cutouts/tile_065_014_post.png
tile_065_049,86.91509298226524,26.54955193371499,1949.879507353607,283.1815727017823,flood-seg/submissions/Sazz-Sharma/cutouts/tile_065_049_pre.png,flood-seg/submissions/Sazz-Sharma/cutouts/tile_065_049_post.png
tile_065_050,86.91553629644746,26.549552197115865,504.52566949572685,504.52566949572685,flood-seg/submissions/Sazz-Sharma/cutouts/tile_065_050_pre.png,flood-seg/submissions/Sazz-Sharma/cutouts/tile_065_050_post.png
tile_066_012,86.89869071245558,26.549142514146965,276.54297917946974,276.54297917946974,flood-seg/submissions/Sazz-Sharma/cutouts/tile_066_012_pre.png,flood-seg/submissions/Sazz-Sharma/cutouts/tile_066_012_post.png
tile_066_013,86.89913402485695,26.549142828560065,1163.6041186609104,1163.6041186609104,flood-seg/submissions/Sazz-Sharma/cutouts/tile_066_013_pre.png,flood-seg/submissions/Sazz-Sharma/cutouts/tile_066_013_post.png
tile_066_014,86.8995773372656,26.549143141594335,1949.872069153582,1949.872069153582,flood-seg/submissions/Sazz-Sharma/cutouts/tile_066_014_pre.png,flood-seg/submissions/Sazz-Sharma/cutouts/tile_066_014_post.png
tile_066_015,86.9000206496815,26.549143453249773,1949.879507353607,1323.0847058469299,flood-seg/submissions/Sazz-Sharma/cutouts/tile_066_015_pre.png,flood-seg/submissions/Sazz-Sharma/cutouts/tile_066_015_post.png
tile_066_050,86.9155365885497,26.549153492526017,1157.6851709910168,503.8804056435581,flood-seg/submissions/Sazz-Sharma/cutouts/tile_066_050_pre.png,flood-seg/submissions/Sazz-Sharma/cutouts/tile_066_050_post.png
tile_067_014,86.89957768455271,26.548744437161552,944.179077473416,944.179077473416,flood-seg/submissions/Sazz-Sharma/cutouts/tile_067_014_pre.png,flood-seg/submissions/Sazz-Sharma/cutouts/tile_067_014_post.png
tile_067_015,86.90002099543551,26.548744748811593,1949.879507353607,1949.879507353607,flood-seg/submissions/Sazz-Sharma/cutouts/tile_067_015_pre.png,flood-seg/submissions/Sazz-Sharma/cutouts/tile_067_015_post.png
tile_067_016,86.90046430632553,26.548745059082826,1949.879507353607,380.94555473037013,flood-seg/submissions/Sazz-Sharma/cutouts/tile_067_016_pre.png,flood-seg/submissions/Sazz-Sharma/cutouts/tile_067_016_post.png
tile_067_051,86.91598019176794,26.548755049926793,777.9985316148778,728.8729395497652,flood-seg/submissions/Sazz-Sharma/cutouts/tile_067_051_pre.png,flood-seg/submissions/Sazz-Sharma/cutouts/tile_067_051_post.png
tile_068_015,86.90002134118235,26.5483460443511,684.95036840214,684.95036840214,flood-seg/submissions/Sazz-Sharma/cutouts/tile_068_015_pre.png,flood-seg/submissions/Sazz-Sharma/cutouts/tile_068_015_post.png
tile_068_016,86.9004646505393,26.548346354616953,1138.580154226804,810.0255613725217,flood-seg/submissions/Sazz-Sharma/cutouts/tile_068_016_pre.png,flood-seg/submissions/Sazz-Sharma/cutouts/tile_068_016_post.png
tile_068_051,86.91598048232494,26.54835634528779,1210.347627168017,296.0236250449448,flood-seg/submissions/Sazz-Sharma/cutouts/tile_068_051_pre.png,flood-seg/submissions/Sazz-Sharma/cutouts/tile_068_051_post.png
tile_071_020,86.90223890224105,26.547151468297248,1133.8866500110291,238.64349050208835,flood-seg/submissions/Sazz-Sharma/cutouts/tile_071_020_pre.png,flood-seg/submissions/Sazz-Sharma/cutouts/tile_071_020_post.png
tile_071_021,86.90268220703462,26.54715177165341,1870.6050310371631,1763.543298977325,flood-seg/submissions/Sazz-Sharma/cutouts/tile_071_021_pre.png,flood-seg/submissions/Sazz-Sharma/cutouts/tile_071_021_post.png
tile_071_022,86.90312551183519,26.547152073630862,1949.879507353607,1440.204743890574,flood-seg/submissions/Sazz-Sharma/cutouts/tile_071_022_pre.png,flood-seg/submissions/Sazz-Sharma/cutouts/tile_071_022_post.png
tile_071_053,86.91686796395793,26.5471607510903,1318.1643365303923,844.9088599397655,flood-seg/submissions/Sazz-Sharma/cutouts/tile_071_053_pre.png,flood-seg/submissions/Sazz-Sharma/cutouts/tile_071_053_post.png
tile_071_054,86.9173112689661,26.547161008948923,164.6780294534881,164.6780294534881,flood-seg/submissions/Sazz-Sharma/cutouts/tile_071_054_pre.png,flood-seg/submissions/Sazz-Sharma/cutouts/tile_071_054_post.png
tile_072_021,86.90268254355509,26.546753067071766,1193.0724076099543,1193.0724076099543,flood-seg/submissions/Sazz-Sharma/cutouts/tile_072_021_pre.png,flood-seg/submissions/Sazz-Sharma/cutouts/tile_072_021_post.png
tile_072_022,86.90312584682275,26.546753369043984,1949.879507353607,1949.879507353607,flood-seg/submissions/Sazz-Sharma/cutouts/tile_072_022_pre.png,flood-seg/submissions/Sazz-Sharma/cutouts/tile_072_022_post.png
tile_072_023,86.90356915009738,26.546753669637514,1949.879507353607,650.4408393861523,flood-seg/submissions/Sazz-Sharma/cutouts/tile_072_023_pre.png,flood-seg/submissions/Sazz-Sharma/cutouts/tile_072_023_post.png
tile_073_021,86.90268288006854,26.546354362467817,628.1113629111023,628.1113629111023,flood-seg/submissions/Sazz-Sharma/cutouts/tile_073_021_pre.png,flood-seg/submissions/Sazz-Sharma/cutouts/tile_073_021_post.png
tile_073_022,86.9031261818033,26.5463546644348,1949.879507353607,1949.879507353607,flood-seg/submissions/Sazz-Sharma/cutouts/tile_073_022_pre.png,flood-seg/submissions/Sazz-Sharma/cutouts/tile_073_022_post.png
tile_073_023,86.90356948354506,26.546354965023124,1949.879507353607,1876.198557455963,flood-seg/submissions/Sazz-Sharma/cutouts/tile_073_023_pre.png,flood-seg/submissions/Sazz-Sharma/cutouts/tile_073_023_post.png
tile_073_054,86.91731184082813,26.546363599443158,639.8971908507149,423.25589602257656,flood-seg/submissions/Sazz-Sharma/cutouts/tile_073_054_pre.png,flood-seg/submissions/Sazz-Sharma/cutouts/tile_073_054_post.png
tile_074_021,86.90268321657499,26.54595565784155,350.16070437690126,350.16070437690126,flood-seg/submissions/Sazz-Sharma/cutouts/tile_074_021_pre.png,flood-seg/submissions/Sazz-Sharma/cutouts/tile_074_021_post.png
tile_074_022,86.9031265167769,26.545955959803297,1291.213878289811,1291.213878289811,flood-seg/submissions/Sazz-Sharma/cutouts/tile_074_022_pre.png,flood-seg/submissions/Sazz-Sharma/cutouts/tile_074_022_post.png
tile_074_023,86.90356981698578,26.54595626038641,675.6935284710274,675.6935284710274,flood-seg/submissions/Sazz-Sharma/cutouts/tile_074_023_pre.png,flood-seg/submissions/Sazz-Sharma/cutouts/tile_074_023_post.png
tile_074_027,86.90534301789052,26.545957448932455,1949.879507353607,358.7350894557201,flood-seg/submissions/Sazz-Sharma/cutouts/tile_074_027_pre.png,flood-seg/submissions/Sazz-Sharma/cutouts/tile_074_027_post.png
tile_074_028,86.90578631813383,26.545957742622367,1949.879507353607,1109.8742807803228,flood-seg/submissions/Sazz-Sharma/cutouts/tile_074_028_pre.png,flood-seg/submissions/Sazz-Sharma/cutouts/tile_074_028_post.png
tile_074_053,86.91686882634072,26.545964636811586,1949.879507353607,1187.690869891867,flood-seg/submissions/Sazz-Sharma/cutouts/tile_074_053_pre.png,flood-seg/submissions/Sazz-Sharma/cutouts/tile_074_053_post.png
tile_074_054,86.91731212675022,26.54596489465681,1881.291864923082,1881.291864923082,flood-seg/submissions/Sazz-Sharma/cutouts/tile_074_054_pre.png,flood-seg/submissions/Sazz-Sharma/cutouts/tile_074_054_post.png
tile_074_055,86.91775542716566,26.545965151123387,405.817036063964,405.817036063964,flood-seg/submissions/Sazz-Sharma/cutouts/tile_074_055_pre.png,flood-seg/submissions/Sazz-Sharma/cutouts/tile_074_055_post.png
tile_075_026,86.90490004648932,26.545558449189407,603.5429882285272,185.12006267219442,flood-seg/submissions/Sazz-Sharma/cutouts/tile_075_026_pre.png,flood-seg/submissions/Sazz-Sharma/cutouts/tile_075_026_post.png
tile_075_027,86.90534334519299,26.545558744252844,1861.7517134574068,1861.1269046553068,flood-seg/submissions/Sazz-Sharma/cutouts/tile_075_027_pre.png,flood-seg/submissions/Sazz-Sharma/cutouts/tile_075_027_post.png
tile_075_028,86.90578664390348,26.54555903793766,1949.879507353607,1949.477844552257,flood-seg/submissions/Sazz-Sharma/cutouts/tile_075_028_pre.png,flood-seg/submissions/Sazz-Sharma/cutouts/tile_075_028_post.png
tile_075_029,86.90622994262077,26.545559330243865,1949.879507353607,558.913788078527,flood-seg/submissions/Sazz-Sharma/cutouts/tile_075_029_pre.png,flood-seg/submissions/Sazz-Sharma/cutouts/tile_075_029_post.png
tile_075_053,86.91686911378967,26.545565932007403,1915.6656467886132,989.4330864255161,flood-seg/submissions/Sazz-Sharma/cutouts/tile_075_053_pre.png,flood-seg/submissions/Sazz-Sharma/cutouts/tile_075_053_post.png
tile_075_054,86.91731241266633,26.54556618984815,1048.6374395245039,1048.6374395245039,flood-seg/submissions/Sazz-Sharma/cutouts/tile_075_054_pre.png,flood-seg/submissions/Sazz-Sharma/cutouts/tile_075_054_post.png
tile_076_027,86.90534367248863,26.54516003955091,360.3287238110763,360.3287238110763,flood-seg/submissions/Sazz-Sharma/cutouts/tile_076_027_pre.png,flood-seg/submissions/Sazz-Sharma/cutouts/tile_076_027_post.png
tile_076_028,86.90578696966634,26.54516033323064,1799.2931478474816,1799.2931478474816,flood-seg/submissions/Sazz-Sharma/cutouts/tile_076_028_pre.png,flood-seg/submissions/Sazz-Sharma/cutouts/tile_076_028_post.png
tile_076_029,86.90623026685083,26.54516062553178,1949.879507353607,1781.2610914368752,flood-seg/submissions/Sazz-Sharma/cutouts/tile_076_029_pre.png,flood-seg/submissions/Sazz-Sharma/cutouts/tile_076_029_post.png
tile_076_052,86.91642610389474,26.545166967966026,468.90598912600797,301.82170196443235,flood-seg/submissions/Sazz-Sharma/cutouts/tile_076_052_pre.png,flood-seg/submissions/Sazz-Sharma/cutouts/tile_076_052_post.png
tile_077_028,86.9057872954224,26.544761628501316,1588.1524019378307,1588.1524019378307,flood-seg/submissions/Sazz-Sharma/cutouts/tile_077_028_pre.png,flood-seg/submissions/Sazz-Sharma/cutouts/tile_077_028_post.png
tile_077_029,86.90623059107412,26.544761920797388,1519.3267371065056,1519.3267371065056,flood-seg/submissions/Sazz-Sharma/cutouts/tile_077_029_pre.png,flood-seg/submissions/Sazz-Sharma/cutouts/tile_077_029_post.png
tile_077_030,86.9066738867326,26.544762211714886,1663.7933175420624,556.302979869752,flood-seg/submissions/Sazz-Sharma/cutouts/tile_077_030_pre.png,flood-seg/submissions/Sazz-Sharma/cutouts/tile_077_030_post.png
tile_077_051,86.91598309706539,26.544768002532756,648.0011097779524,257.3338276149072,flood-seg/submissions/Sazz-Sharma/cutouts/tile_077_051_pre.png,flood-seg/submissions/Sazz-Sharma/cutouts/tile_077_051_post.png
tile_079_049,86.9150970926031,26.543970067490815,1844.4467410992443,289.05217207151355,flood-seg/submissions/Sazz-Sharma/cutouts/tile_079_049_pre.png,flood-seg/submissions/Sazz-Sharma/cutouts/tile_079_049_post.png
tile_079_050,86.91554038532462,26.543970330827783,236.79509779587588,119.57464405189418,flood-seg/submissions/Sazz-Sharma/cutouts/tile_079_050_pre.png,flood-seg/submissions/Sazz-Sharma/cutouts/tile_079_050_post.png
tile_080_034,86.90844801907234,26.543567247187244,1949.879507353607,104.97903605283788,flood-seg/submissions/Sazz-Sharma/cutouts/tile_080_034_pre.png,flood-seg/submissions/Sazz-Sharma/cutouts/tile_080_034_post.png
tile_080_035,86.90889131016604,26.543567531197134,1949.879507353607,1046.5435862174663,flood-seg/submissions/Sazz-Sharma/cutouts/tile_080_035_pre.png,flood-seg/submissions/Sazz-Sharma/cutouts/tile_080_035_post.png
tile_080_036,86.90933460126632,26.543567813828517,1949.879507353607,413.04324738825153,flood-seg/submissions/Sazz-Sharma/cutouts/tile_080_036_pre.png,flood-seg/submissions/Sazz-Sharma/cutouts/tile_080_036_post.png
tile_080_048,86.91465409497005,26.543571097882285,1949.879507353607,1122.4113669224603,flood-seg/submissions/Sazz-Sharma/cutouts/tile_080_048_pre.png,flood-seg/submissions/Sazz-Sharma/cutouts/tile_080_048_post.png
tile_080_049,86.91509738615278,26.54357136259319,1350.07049553763,1350.07049553763,flood-seg/submissions/Sazz-Sharma/cutouts/tile_080_049_pre.png,flood-seg/submissions/Sazz-Sharma/cutouts/tile_080_049_post.png
tile_081_033,86.90800504605097,26.543168256955212,1371.336309409105,644.5813973164586,flood-seg/submissions/Sazz-Sharma/cutouts/tile_081_033_pre.png,flood-seg/submissions/Sazz-Sharma/cutouts/tile_081_033_post.png
tile_081_034,86.90844833560544,26.543168542338652,1938.0397524638133,1938.0397524638133,flood-seg/submissions/Sazz-Sharma/cutouts/tile_081_034_pre.png,flood-seg/submissions/Sazz-Sharma/cutouts/tile_081_034_post.png
tile_081_035,86.9088916251665,26.543168826343614,1946.6011206925884,1946.6011206925884,flood-seg/submissions/Sazz-Sharma/cutouts/tile_081_035_pre.png,flood-seg/submissions/Sazz-Sharma/cutouts/tile_081_035_post.png
tile_081_036,86.90933491473413,26.543169108970098,1949.879507353607,1783.9165288458003,flood-seg/submissions/Sazz-Sharma/cutouts/tile_081_036_pre.png,flood-seg/submissions/Sazz-Sharma/cutouts/tile_081_036_post.png
tile_081_045,86.913324521133,26.543171590577145,1949.879507353607,145.89843394036927,flood-seg/submissions/Sazz-Sharma/cutouts/tile_081_045_pre.png,flood-seg/submissions/Sazz-Sharma/cutouts/tile_081_045_post.png
tile_081_046,86.91376781076455,26.54317185941889,1949.879507353607,173.7879649341069,flood-seg/submissions/Sazz-Sharma/cutouts/tile_081_046_pre.png,flood-seg/submissions/Sazz-Sharma/cutouts/tile_081_046_post.png
tile_081_047,86.9142111004023,26.543172126882155,1949.879507353607,1591.092350497712,flood-seg/submissions/Sazz-Sharma/cutouts/tile_081_047_pre.png,flood-seg/submissions/Sazz-Sharma/cutouts/tile_081_047_post.png
tile_081_048,86.91465439004624,26.543172392966945,1936.1058204573133,1936.1058204573133,flood-seg/submissions/Sazz-Sharma/cutouts/tile_081_048_pre.png,flood-seg/submissions/Sazz-Sharma/cutouts/tile_081_048_post.png
tile_081_049,86.91509767969632,26.54317265767327,896.003715461497,896.003715461497,flood-seg/submissions/Sazz-Sharma/cutouts/tile_081_049_pre.png,flood-seg/submissions/Sazz-Sharma/cutouts/tile_081_049_post.png
tile_082_034,86.90844865213194,26.542769837467734,292.5871766333948,292.5871766333948,flood-seg/submissions/Sazz-Sharma/cutouts/tile_082_034_pre.png,flood-seg/submissions/Sazz-Sharma/cutouts/tile_082_034_post.png
tile_082_036,86.90933522819542,26.54277040408937,849.0909879038219,849.0909879038219,flood-seg/submissions/Sazz-Sharma/cutouts/tile_082_036_pre.png,flood-seg/submissions/Sazz-Sharma/cutouts/tile_082_036_post.png
tile_082_037,86.90977851623698,26.542770685332503,1928.569064281982,972.7417655694161,flood-seg/submissions/Sazz-Sharma/cutouts/tile_082_037_pre.png,flood-seg/submissions/Sazz-Sharma/cutouts/tile_082_037_post.png
tile_082_045,86.91332482080087,26.542772885653402,1949.879507353607,1317.8203197792361,flood-seg/submissions/Sazz-Sharma/cutouts/tile_082_045_pre.png,flood-seg/submissions/Sazz-Sharma/cutouts/tile_082_045_post.png
tile_082_046,86.91376810889979,26.542773154490483,1949.879507353607,1920.1248477036008,flood-seg/submissions/Sazz-Sharma/cutouts/tile_082_046_pre.png,flood-seg/submissions/Sazz-Sharma/cutouts/tile_082_046_post.png
tile_082_047,86.91421139700493,26.542773421949114,1838.992680930913,1838.992680930913,flood-seg/submissions/Sazz-Sharma/cutouts/tile_082_047_pre.png,flood-seg/submissions/Sazz-Sharma/cutouts/tile_082_047_post.png
tile_082_048,86.91465468511626,26.542773688029293,583.4803032110959,583.4803032110959,flood-seg/submissions/Sazz-Sharma/cutouts/tile_082_048_pre.png,flood-seg/submissions/Sazz-Sharma/cutouts/tile_082_048_post.png
tile_083_037,86.90977882815916,26.542371980424598,625.2625323015272,625.2625323015272,flood-seg/submissions/Sazz-Sharma/cutouts/tile_083_037_pre.png,flood-seg/submissions/Sazz-Sharma/cutouts/tile_083_037_post.png
tile_083_038,86.91022211467464,26.54237226028443,1941.266071724657,374.27534885795137,flood-seg/submissions/Sazz-Sharma/cutouts/tile_083_038_pre.png,flood-seg/submissions/Sazz-Sharma/cutouts/tile_083_038_post.png
tile_083_042,86.91199526080099,26.542373365939522,1949.879507353607,663.0634648285774,flood-seg/submissions/Sazz-Sharma/cutouts/tile_083_042_pre.png,flood-seg/submissions/Sazz-Sharma/cutouts/tile_083_042_post.png
tile_083_044,86.91288183390235,26.5423739104965,1949.879507353607,1140.3969345829105,flood-seg/submissions/Sazz-Sharma/cutouts/tile_083_044_pre.png,flood-seg/submissions/Sazz-Sharma/cutouts/tile_083_044_post.png
tile_083_045,86.91332512046246,26.542374180707352,1949.879507353607,1949.879507353607,flood-seg/submissions/Sazz-Sharma/cutouts/tile_083_045_pre.png,flood-seg/submissions/Sazz-Sharma/cutouts/tile_083_045_post.png
tile_083_046,86.91376840702881,26.54237444953978,1935.8808149065571,1935.8808149065571,flood-seg/submissions/Sazz-Sharma/cutouts/tile_083_046_pre.png,flood-seg/submissions/Sazz-Sharma/cutouts/tile_083_046_post.png
tile_083_047,86.91421169360139,26.542374716993777,839.1572717704342,839.1572717704342,flood-seg/submissions/Sazz-Sharma/cutouts/tile_083_047_pre.png,flood-seg/submissions/Sazz-Sharma/cutouts/tile_083_047_post.png
tile_084_038,86.91022242505778,26.54197355534936,939.1917643566534,809.3635615702967,flood-seg/submissions/Sazz-Sharma/cutouts/tile_084_038_pre.png,flood-seg/submissions/Sazz-Sharma/cutouts/tile_084_038_post.png
tile_084_040,86.91110899504307,26.54197411092413,1949.879507353607,149.43343850225054,flood-seg/submissions/Sazz-Sharma/cutouts/tile_084_040_pre.png,flood-seg/submissions/Sazz-Sharma/cutouts/tile_084_040_post.png
tile_084_041,86.91155228004533,26.541974386643908,1524.7807972748367,1186.182774836798,flood-seg/submissions/Sazz-Sharma/cutouts/tile_084_041_pre.png,flood-seg/submissions/Sazz-Sharma/cutouts/tile_084_041_post.png
tile_084_042,86.91199556505397,26.541974660985286,1920.2866285541445,1920.2866285541445,flood-seg/submissions/Sazz-Sharma/cutouts/tile_084_042_pre.png,flood-seg/submissions/Sazz-Sharma/cutouts/tile_084_042_post.png
tile_084_043,86.91243885006895,26.541974933948257,1949.879507353607,1690.7549330826812,flood-seg/submissions/Sazz-Sharma/cutouts/tile_084_043_pre.png,flood-seg/submissions/Sazz-Sharma/cutouts/tile_084_043_post.png
tile_084_044,86.91288213509024,26.541975205532832,1949.879507353607,1949.879507353607,flood-seg/submissions/Sazz-Sharma/cutouts/tile_084_044_pre.png,flood-seg/submissions/Sazz-Sharma/cutouts/tile_084_044_post.png
tile_084_045,86.91332542011781,26.541975475738997,1949.879507353607,1949.879507353607,flood-seg/submissions/Sazz-Sharma/cutouts/tile_084_045_pre.png,flood-seg/submissions/Sazz-Sharma/cutouts/tile_084_045_post.png
tile_084_046,86.91376870515164,26.54197574456676,840.873636426203,840.873636426203,flood-seg/submissions/Sazz-Sharma/cutouts/tile_084_046_pre.png,flood-seg/submissions/Sazz-Sharma/cutouts/tile_084_046_post.png
tile_085_040,86.91110923122945,26.541667684354785,887.5055719329345,829.270044387203,flood-seg/submissions/Sazz-Sharma/cutouts/tile_085_040_pre.png,flood-seg/submissions/Sazz-Sharma/cutouts/tile_085_040_post.png
tile_085_042,86.91199579888472,26.54166823440861,461.6295699515517,461.6295699515517,flood-seg/submissions/Sazz-Sharma/cutouts/tile_085_042_pre.png,flood-seg/submissions/Sazz-Sharma/cutouts/tile_085_042_post.png
tile_085_043,86.91243908272187,26.54166850736795,1028.6063668571787,1028.6063668571787,flood-seg/submissions/Sazz-Sharma/cutouts/tile_085_043_pre.png,flood-seg/submissions/Sazz-Sharma/cutouts/tile_085_043_post.png
tile_085_044,86.91288236656536,26.541668778948903,1022.4698518365537,1022.4698518365537,flood-seg/submissions/Sazz-Sharma/cutouts/tile_085_044_pre.png,flood-seg/submissions/Sazz-Sharma/cutouts/tile_085_044_post.png
tile_085_045,86.91332565041509,26.541669049151473,958.2781856208035,958.2781856208035,flood-seg/submissions/Sazz-Sharma/cutouts/tile_085_045_pre.png,flood-seg/submissions/Sazz-Sharma/cutouts/tile_085_045_post.png
